{
  "main": {
    "id": "972abce64627b4eb",
    "type": "split",
    "children": [
      {
        "id": "20df007cdc8e2dc4",
        "type": "tabs",
        "dimension": 70.2239789196311,
        "children": [
          {
            "id": "c564234e448be0fa",
            "type": "leaf",
            "state": {
              "type": "markdown",
              "state": {
                "file": "Sem 5/Computer Networks/Performance Metrics.md",
                "mode": "source",
                "source": false,
                "backlinks": true,
                "backlinkOpts": {
                  "collapseAll": false,
                  "extraContext": false,
                  "sortOrder": "alphabetical",
                  "showSearch": false,
                  "searchQuery": "",
                  "backlinkCollapsed": false,
                  "unlinkedCollapsed": true
                }
              },
              "icon": "lucide-file",
              "title": "Performance Metrics"
            }
          },
          {
            "id": "e85e47b88c9063e8",
            "type": "leaf",
            "state": {
              "type": "markdown",
              "state": {
                "file": "Sem 5/Design and Analysis of Algorithms/Divide and Conquer.md",
                "mode": "source",
                "source": false,
                "backlinks": true,
                "backlinkOpts": {
                  "collapseAll": false,
                  "extraContext": false,
                  "sortOrder": "alphabetical",
                  "showSearch": false,
                  "searchQuery": "",
                  "backlinkCollapsed": false,
                  "unlinkedCollapsed": true
                }
              },
              "icon": "lucide-file",
              "title": "Divide and Conquer"
            }
          }
        ]
      },
      {
        "id": "2b0fe54979d64d23",
        "type": "tabs",
        "dimension": 29.77602108036891,
        "children": [
          {
            "id": "ca47c3a927bb2f19",
            "type": "leaf",
            "state": {
              "type": "graph",
              "state": {},
              "icon": "lucide-git-fork",
              "title": "Graph view"
            }
          }
        ]
      }
    ],
    "direction": "vertical"
  },
  "left": {
    "id": "f6526a919930eb24",
    "type": "split",
    "children": [
      {
        "id": "7dfec2d540dc087e",
        "type": "tabs",
        "children": [
          {
            "id": "85f15ff422a30d2b",
            "type": "leaf",
            "state": {
              "type": "file-explorer",
              "state": {
                "sortOrder": "alphabetical",
                "autoReveal": false
              },
              "icon": "lucide-folder-closed",
              "title": "Files"
            }
          },
          {
            "id": "70f0bca0147774b8",
            "type": "leaf",
            "state": {
              "type": "search",
              "state": {
                "query": "tag:#todo",
                "matchingCase": false,
                "explainSearch": false,
                "collapseAll": false,
                "extraContext": false,
                "sortOrder": "alphabetical"
              },
              "icon": "lucide-search",
              "title": "Search"
            }
          },
          {
            "id": "8a9ff0a73ceb8f9f",
            "type": "leaf",
            "state": {
              "type": "bookmarks",
              "state": {},
              "icon": "lucide-bookmark",
              "title": "Bookmarks"
            }
          }
        ]
      }
    ],
    "direction": "horizontal",
    "width": 321.5
  },
  "right": {
    "id": "a6b5d8ed28d60df9",
    "type": "split",
    "children": [
      {
        "id": "8735b416ad7a3027",
        "type": "tabs",
        "children": [
          {
            "id": "7668c2b1cb765850",
            "type": "leaf",
            "state": {
              "type": "backlink",
              "state": {
                "file": "Sem 5/Compiler Design/Analysis/Lexical Analysis/Lexical Analysis.md",
                "collapseAll": false,
                "extraContext": false,
                "sortOrder": "alphabetical",
                "showSearch": false,
                "searchQuery": "",
                "backlinkCollapsed": false,
                "unlinkedCollapsed": true
              },
              "icon": "links-coming-in",
              "title": "Backlinks for Lexical Analysis"
            }
          },
          {
            "id": "5b04986638b50040",
            "type": "leaf",
            "state": {
              "type": "outgoing-link",
              "state": {
                "file": "Sem 5/Computer Networks/Data link Layer/Error Control.md",
                "linksCollapsed": false,
                "unlinkedCollapsed": true
              },
              "icon": "links-going-out",
              "title": "Outgoing links from Error Control"
            }
          },
          {
            "id": "19098b8c9d6b11b1",
            "type": "leaf",
            "state": {
              "type": "tag",
              "state": {
                "sortOrder": "frequency",
                "useHierarchy": true,
                "showSearch": false,
                "searchQuery": ""
              },
              "icon": "lucide-tags",
              "title": "Tags"
            }
          },
          {
            "id": "7c537e6db89905a4",
            "type": "leaf",
            "state": {
              "type": "outline",
              "state": {
                "file": "Sem 5/Computer Networks/Data link Layer/Error Control.md",
                "followCursor": false,
                "showSearch": false,
                "searchQuery": ""
              },
              "icon": "lucide-list",
              "title": "Outline of Error Control"
            }
          }
        ]
      }
    ],
    "direction": "horizontal",
    "width": 300,
    "collapsed": true
  },
  "left-ribbon": {
    "hiddenItems": {
      "switcher:Open quick switcher": false,
      "graph:Open graph view": false,
      "canvas:Create new canvas": false,
      "daily-notes:Open today's daily note": false,
      "templates:Insert template": false,
      "command-palette:Open command palette": false,
      "bases:Create new base": false,
      "obsidian-excalidraw-plugin:New drawing": false
    }
  },
  "active": "c564234e448be0fa",
  "lastOpenFiles": [
    "Sem 5/Computer Networks/OSI Model.md",
    "Sem 5/Computer Networks/Spectrum Allocation.md",
    "Sem 5/Computer Networks/Performance Metrics.md",
    "Sem 5/Computer Networks/Computer Networks.md",
    "Sem 5/Computer Networks/Transmission Modes.md",
    "Sem 5/Computer Networks/Networking Concepts.md",
    "Sem 5/Computer Networks/Network Topologies.md",
    "Sem 5/Computer Networks/Network Models.md",
    "Sem 5/Computer Networks/Network Identifiers.md",
    "Sem 5/Computer Networks/Network Devices.md",
    "Sem 5/Computer Networks/Multiple Access Techniques.md",
    "Sem 5/Computer Networks/Data link Layer/Framing Methods.md",
    "Sem 5/Computer Networks/Data link Layer/Flow Control.md",
    "Sem 5/Computer Networks/Maximum Data Rate.md",
    "Sem 5/Design and Analysis of Algorithms/Divide and Conquer.md",
    "Sem 5/Design and Analysis of Algorithms/Lower bounds.md",
    "Sem 5/Design and Analysis of Algorithms/Modular Arithmetics.md",
    "Sem 5/Computer Networks/Data link Layer/Error Control.md",
    "Sem 5/Computer Networks/Mid Sem Topics.md",
    "Sem 5/Compiler Design/Analysis/Syntax Analysis/Miscellaneous.md",
    "Sem 5/Compiler Design/Analysis/Syntax Analysis/Syntax Analysis.md",
    "Sem 5/Compiler Design/Analysis/Syntax Analysis/Top Down Parsing Algorithms.md",
    "Sem 5/Compiler Design/Analysis/Syntax Analysis/Parsing Algorithms.md",
    "Sem 5/Compiler Design/Analysis/Syntax Analysis/Bottom Up Parsing Algorithms.md",
    "Sem 5/Compiler Design/Analysis/Semantic Analysis/Semantic Analysis.md",
    "Sem 5/Compiler Design/Analysis/Semantic Analysis/Concepts.md",
    "Sem 5/Compiler Design/Analysis/Lexical Analysis/Identifier.png",
    "Excalidraw",
    "Sem 5/Compiler Design/Analysis/Syntax Analysis/LR(0) Automaton Example 1.png",
    "Sem 5/Compiler Design/Analysis/Syntax Analysis/Bottom Up parsing example 1.png",
    "Sem 5/Compiler Design/Analysis/Syntax Analysis/Parsing Example 1.png",
    "Sem 5/Compiler Design/Analysis/Lexical Analysis/Relop.png",
    "Untitled.canvas",
    "Sem 5/Compiler Design/Analysis/Lexical Analysis/Number.png",
    "Sem 5/Compiler Design/Analysis/Lexical Analysis/Identifier.canvas",
    "Sem 5/Compiler Design/Analysis/Syntax Analysis",
    "Sem 5/Compiler Design/Analysis/Semantic Analysis",
    "Sem 5/Compiler Design/Synthesis",
    "Sem 5/Compiler Design/Analysis",
    "Sem 5/Compiler Design/Analysis/Lexical Analysis",
    "Sem 5/Design and Analysis of Algorithms/Sorting.canvas",
    "Sem 5/Design and Analysis of Algorithms/Multiplication Example.canvas",
    "Sem 5/Computer Networks/Images/OFDM vs FDMA.png",
    "Sem 5/Computer Networks/Data link Layer/Flow Control vs Conjuction Control.canvas",
    "Untitled.base",
    "Sem 5/Computer Networks/Data link Layer",
    "Sem 5/Computer Networks/Images/Token Ring.png",
    "Sem 5/Computer Networks/Images/Star.png",
    "Sem 5/Computer Networks/Images/Ring.png",
    "Sem 5/Computer Networks/Images",
    "Sem 5/French"
  ]
}